Benchmark,B1 Order,B1 Size,B1 Domination,B1 Faces,B2 Order,B2 Size,B2 Domination,B2 Faces
1,118,308,0.957,,118,298,0.949,
2,577,1520,0.98275,,563,1456,0.976,
3,1775,4478,0.9090625,,1750,4426,0.893375,
